model,sequence
neural,â
neural,â
neural,â
neural,â
neural,â
neural,â
neural,â
neural,â
neural,â
neural,â
neural,â
neural,â
neural,â
neural,â
neural,â
neural,â
neural,â
neural,â
neural,â
neural,â
neural,â
neural,â
neural,â
neural,â
neural,â
neural,â
neural,â
neural,â
neural,â
neural,â
neural,â
neural,â
neural,â
neural,â
neural,â
neural,â
neural,â
neural,â
neural,â
neural,â
neural,â
neural,â
neural,â
neural,â
neural,â
neural,â
neural,â
neural,â
neural,â
neural,â
neural,â
neural,â
neural,â
neural,â
neural,â
neural,â
neural,â
neural,â
neural,â
neural,â
neural,â
neural,â
neural,â
neural,â
neural,â
neural,â
neural,â
neural,â
neural,â
neural,â
neural,â
neural,â
neural,â
neural,â
neural,â
neural,â
neural,â
neural,â
neural,â
neural,â
neural,â
neural,â
neural,â
neural,â
neural,â
neural,â
neural,â
neural,â
neural,â
neural,â
neural,â
neural,â
neural,â
neural,â
neural,â
neural,â
neural,â
neural,â
neural,â
neural,â
neural,_
neural,_
neural,_
neural,_
neural,_
neural,_
neural,_
neural,_
neural,_
neural,_
neural,_
neural,_
neural,_
neural,_
neural,_
neural,_
neural,_
neural,_
neural,_
neural,_
neural,_
neural,_
neural,_
neural,_
neural,_
neural,_
neural,_
neural,_
neural,_
neural,_
neural,_
neural,_
neural,_
neural,_
neural,_
neural,_
neural,_
neural,_
neural,_
neural,_
neural,_
neural,_
neural,_
neural,_
neural,_
neural,_
neural,_
neural,_
neural,_
neural,_
neural,_
neural,_
neural,_
neural,_
neural,_
neural,_
neural,</s>
neural,_
neural,_
neural,_
neural,_
neural,_
neural,_
neural,_
neural,</s>
neural,_
neural,</s>
neural,_
neural,_
neural,_
neural,_
neural,_
neural,_
neural,_
neural,_
neural,_
neural,_
neural,_
neural,_
neural,_
neural,_
neural,_
neural,_
neural,_
neural,_
neural,_
neural,_
neural,_
neural,_
neural,_
neural,_
neural,_
neural,_
neural,_
neural,_
neural,_
neural,_
neural,_
neural,_
neural,_
neural,_
neural,_
vanilla,madd
vanilla,proul
vanilla,godeaso
vanilla,bact
vanilla,bratmom
vanilla,halin
vanilla,winctoody
vanilla,magoo
vanilla,musto
vanilla,unt
vanilla,ind
vanilla,","
vanilla,ingstables
vanilla,thours
vanilla,ch
vanilla,los
vanilla,feverege
vanilla,trals
vanilla,salonvery
vanilla,morness
vanilla,","
vanilla,inalf
vanilla,solemome
vanilla,sto
vanilla,tained
vanilla,","
vanilla,awit
vanilla,suppirequellegight
vanilla,musight
vanilla,earp
vanilla,'n't
vanilla,thert
vanilla,ner
vanilla,","
vanilla,bracturried
vanilla,","
vanilla,'
vanilla,garemon
vanilla,togno
vanilla,tond
vanilla,thavergatily
vanilla,pe
vanilla,fich
vanilla,","
vanilla,inge
vanilla,otion
vanilla,.
vanilla,atencts
vanilla,dusubjectishat
vanilla,ch
vanilla,anits
vanilla,linto
vanilla,marthe
vanilla,ed
vanilla,theamp
vanilla,","
vanilla,postingent
vanilla,upose
vanilla,agual
vanilla,anat
vanilla,homand
vanilla,ve
vanilla,sem
vanilla,itin
vanilla,ely
vanilla,por
vanilla,hathence
vanilla,ific
vanilla,crom
vanilla,sored
vanilla,deng
vanilla,testred
vanilla,lixts
vanilla,.
vanilla,vince
vanilla,pre
vanilla,whichich
vanilla,aftely
vanilla,youghtly
vanilla,friss
vanilla,hoaterd
vanilla,whichilded
vanilla,upiek
vanilla,","
vanilla,des
vanilla,wout
vanilla,bootteatifis
vanilla,","
vanilla,hinind
vanilla,ther
vanilla,foungto
vanilla,fre
vanilla,afen
vanilla,cievermaccor
vanilla,arnal
vanilla,norwardy
vanilla,pressionchareed
vanilla,sto
vanilla,thic
vanilla,","
vanilla,wity
vanilla,exprow
vanilla,;
vanilla,pentris
vanilla,ch
vanilla,.
vanilla,nefung
vanilla,duche
vanilla,oxionsad
vanilla,chiptigh
vanilla,","
vanilla,withatiffeland
vanilla,;
vanilla,priveriall
vanilla,","
vanilla,hady
vanilla,taind
vanilla,","
vanilla,fordle
vanilla,ang
vanilla,que
vanilla,promed
vanilla,whound
vanilla,spon
vanilla,briveget
vanilla,","
vanilla,'s
vanilla,.
vanilla,boug
vanilla,whiloond
vanilla,irsead
vanilla,blivigh
vanilla,reepted
vanilla,obt
vanilla,derdis
vanilla,lenothers
vanilla,","
vanilla,","
vanilla,blaccum
vanilla,carticas
vanilla,mandistrion
vanilla,gaildres
vanilla,","
vanilla,blesse
vanilla,marte
vanilla,sagusney
vanilla,froat
vanilla,inis
vanilla,nothat
vanilla,.
vanilla,youlth
vanilla,","
vanilla,sounk
vanilla,.
vanilla,andieflethimor
vanilla,bect
vanilla,dithe
vanilla,faremen
vanilla,morst
vanilla,","
vanilla,evercithich
vanilla,haticips
vanilla,hameakingle
vanilla,.
vanilla,","
vanilla,''
vanilla,ageser
vanilla,dailming
vanilla,sellontly
vanilla,ung
vanilla,theagentan
vanilla,possuchilivesessice
vanilla,ment
vanilla,wiling
vanilla,upeopuld
vanilla,hushicat
vanilla,.
vanilla,jah
vanilla,","
vanilla,wheed
vanilla,ited
vanilla,","
vanilla,;
vanilla,speaseme
vanilla,theldin
vanilla,andingend
vanilla,ishe
vanilla,therst
vanilla,.
vanilla,'tharazzy
vanilla,","
vanilla,irdom
vanilla,dreabrom
vanilla,hucie
vanilla,ot
vanilla,","
vanilla,bouthere
vanilla,","
vanilla,triagot
vanilla,indere
vanilla,yound
vanilla,yould
vanilla,ouresece
vanilla,cated
vanilla,elubble
vanilla,;
vanilla,hicher
vanilla,wity
vanilla,dings
vanilla,thery
vanilla,deouted
vanilla,maked
vanilla,swaliethaps
vanilla,ceme
vanilla,","
vanilla,pich
vanilla,soll
vanilla,hescot
vanilla,","
vanilla,wor
vanilla,cred
vanilla,butere
vanilla,peertmoushe
vanilla,hich
vanilla,whis
vanilla,summeave
vanilla,althe
vanilla,livere
vanilla,loweed
vanilla,melisk
vanilla,thabowes
vanilla,;
vanilla,thous
vanilla,expecomene
vanilla,cre
vanilla,le
vanilla,nou
vanilla,inerehost
vanilla,ard
vanilla,strabay
vanilla,.
vanilla,thating
vanilla,gle
vanilla,lins
vanilla,.
vanilla,dien
vanilla,fes
vanilla,alook
vanilla,.
vanilla,crinat
vanilla,frompe
vanilla,oced
vanilla,gand
vanilla,n't
vanilla,alth
vanilla,","
vanilla,shordley
vanilla,.
vanilla,nown
vanilla,fifte
vanilla,mom
vanilla,hous
vanilla,larst
vanilla,","
vanilla,carendualled
vanilla,conighty
vanilla,breackclaws
vanilla,","
vanilla,","
vanilla,haing
vanilla,;
vanilla,powe
vanilla,fithommorturibeem
vanilla,yethe
vanilla,poicieningurked
vanilla,eand
vanilla,lowescoment
vanilla,huttes
vanilla,tragiva
vanilla,factiody
vanilla,ext
vanilla,oneed
vanilla,acks
vanilla,yought
vanilla,und
vanilla,gods
vanilla,thatea
vanilla,","
vanilla,ity
vanilla,soccur
vanilla,;
vanilla,muce
vanilla,vild
vanilla,hills
vanilla,oritly
vanilla,haped
vanilla,whown
vanilla,;
vanilla,bety
vanilla,risint
vanilla,newer
vanilla,beephe
vanilla,posidection
vanilla,himall
vanilla,.
vanilla,ith
vanilla,menseemend
vanilla,''
vanilla,com
vanilla,","
vanilla,dated
vanilla,","
vanilla,","
vanilla,dify
vanilla,.
vanilla,gle
vanilla,wincomplin
vanilla,oned
vanilla,afertiver
vanilla,sailaits
vanilla,cathat
vanilla,proareato
vanilla,epen
vanilla,","
vanilla,rof
vanilla,com
vanilla,;
vanilla,buthunit
vanilla,enox
vanilla,achave
vanilla,mespondy
vanilla,iterwake
vanilla,","
vanilla,forsend
vanilla,thads
vanilla,","
vanilla,ithe
vanilla,therly
vanilla,.
vanilla,lieurs
vanilla,ends
vanilla,syst
vanilla,;
vanilla,tows
vanilla,everishen
vanilla,formad
vanilla,isions
vanilla,","
vanilla,awas
vanilla,froathe
vanilla,samosed
vanilla,therissis
vanilla,inot
vanilla,propertione
vanilla,camerights
vanilla,scurt
vanilla,ecith
vanilla,crues
vanilla,ond
vanilla,som
vanilla,","
vanilla,ral
vanilla,","
vanilla,thichat
vanilla,ity
vanilla,ang
vanilla,","
vanilla,standmend
vanilla,aff
vanilla,les
vanilla,thretatualat
vanilla,.
vanilla,whicusearsespectillut
vanilla,.
vanilla,usleat
vanilla,akink
vanilla,le
vanilla,valrews
vanilla,thad
vanilla,improphoull
vanilla,onshme
vanilla,ther
vanilla,facred
vanilla,mitericam
vanilla,thariviold
vanilla,plart
vanilla,ved
vanilla,","
vanilla,ang
vanilla,angrand
vanilla,stly
vanilla,;
vanilla,attle
vanilla,","
vanilla,thoorthe
vanilla,stiam
vanilla,.
vanilla,ance
vanilla,gratainincelit
vanilla,teleged
vanilla,thfus
vanilla,afenal
vanilla,","
vanilla,happarne
vanilla,.
vanilla,ithat
vanilla,giringthised
vanilla,alguilsone
vanilla,ity
vanilla,poo
vanilla,sperew
vanilla,yough
vanilla,spis
vanilla,","
vanilla,wor
vanilla,warld
vanilla,thead
vanilla,","
vanilla,eated
vanilla,agarde
vanilla,","
vanilla,ider
vanilla,hoserst
vanilla,","
vanilla,eanding
vanilla,paseopicat
vanilla,ands
vanilla,.
vanilla,thele
vanilla,le
vanilla,","
vanilla,daywhouthers
vanilla,","
vanilla,intere
vanilla,upoird
vanilla,.
vanilla,hime
vanilla,camrs
vanilla,befrower
vanilla,remetwin
vanilla,.
vanilla,med
vanilla,whiste
vanilla,stanke
vanilla,alch
vanilla,gou
vanilla,wayet
vanilla,whe
vanilla,susiblamorethead
vanilla,woory
vanilla,ung
vanilla,lippose
vanilla,.
vanilla,hich
vanilla,","
vanilla,'s
vanilla,hadis
vanilla,mous
vanilla,forwas
vanilla,sto
vanilla,crepagared
vanilla,saind
vanilla,ke
vanilla,.
vanilla,thadmatere
vanilla,.
vanilla,thathe
vanilla,berid
vanilla,swes
vanilla,","
vanilla,ithent
vanilla,whis
vanilla,","
vanilla,alta
vanilla,thad
vanilla,.
vanilla,palovently
vanilla,ong
vanilla,sters
vanilla,jusencides
vanilla,beemeath
vanilla,jus
vanilla,heyessibly
vanilla,?
vanilla,mighbor
vanilla,goider
vanilla,bre
vanilla,gly
vanilla,lecte
vanilla,arts
vanilla,frompecouddeariarmilecoulted
vanilla,hors
vanilla,.
vanilla,monly
vanilla,amigy
vanilla,","
vanilla,thaded
vanilla,","
vanilla,ins
vanilla,comillems
vanilla,oure
vanilla,","
vanilla,anin
vanilla,mis
vanilla,;
vanilla,antiong
vanilla,waympong
vanilla,.
vanilla,whery
vanilla,thand
vanilla,","
vanilla,anand
vanilla,bento
vanilla,thisceir
vanilla,med
vanilla,andiand
vanilla,tas
vanilla,witairs
vanilla,nity
vanilla,miried
vanilla,fliket
vanilla,earmea
vanilla,.
vanilla,thadeeme
vanilla,nothe
vanilla,","
vanilla,campatteryphy
vanilla,cratental
vanilla,thavotwoungley
vanilla,comention
vanilla,tharn
vanilla,","
vanilla,becrieftemand
vanilla,","
vanilla,hise
vanilla,ence
vanilla,pre
vanilla,youghts
vanilla,anithe
vanilla,le
vanilla,fernie
vanilla,terim
vanilla,","
vanilla,pre
vanilla,n't
vanilla,.
vanilla,truchopecancing
vanilla,magover
vanilla,inall
vanilla,ble
vanilla,pathernery
vanilla,haution
vanilla,vreas
vanilla,gress
vanilla,sau
vanilla,cout
vanilla,.
vanilla,butong
vanilla,deckne
vanilla,'
vanilla,laregrach
vanilla,thal
vanilla,ses
vanilla,","
vanilla,clifilegaboostat
vanilla,whican
vanilla,frox
vanilla,","
vanilla,witimall
vanilla,twoung
vanilla,daysem
vanilla,","
vanilla,andow
vanilla,gened
vanilla,sto
vanilla,ded
vanilla,supold
vanilla,''
vanilla,ned
vanilla,","
vanilla,ain
vanilla,ontir
vanilla,fecte
vanilla,buted
vanilla,ance
vanilla,undont
vanilla,coment
vanilla,fieve
vanilla,wandego
vanilla,","
vanilla,shings
vanilla,dispen
vanilla,welle
vanilla,aticke
vanilla,ve
vanilla,","
vanilla,abland
vanilla,onspire
vanilla,poodep
vanilla,afterst
vanilla,wormighat
vanilla,antall
vanilla,froverous
vanilla,beir
vanilla,expecoccon
vanilla,;
vanilla,''
vanilla,aftented
vanilla,throusassionsand
vanilla,","
vanilla,daysee
vanilla,upoloom
vanilla,inforthartentalosibly
vanilla,oughthilty
vanilla,lon
vanilla,scourstrink
vanilla,","
vanilla,thown
vanilla,''
vanilla,:
vanilla,derver
vanilla,ract
vanilla,youghtelf
vanilla,glosmayst
vanilla,things
vanilla,iscuty
vanilla,","
vanilla,siognall
vanilla,rechmers
vanilla,.
vanilla,ve
vanilla,anymoneetang
vanilla,ifit
vanilla,foode
vanilla,coresch
vanilla,sprepere
vanilla,itsivioulcome
vanilla,.
vanilla,brumpled
vanilla,unly
vanilla,ble
vanilla,des
vanilla,eare
vanilla,.
vanilla,stsed
vanilla,","
vanilla,onisenotiatencears
vanilla,inglithe
vanilla,ot
vanilla,anits
vanilla,intobe
vanilla,nalme
vanilla,befe
vanilla,aspillenown
vanilla,whersickly
vanilla,``
vanilla,yough
vanilla,thinciphy
vanilla,fregromy
vanilla,havaderibleceemple
vanilla,ind
vanilla,''
vanilla,nown
vanilla,'s
vanilla,","
vanilla,watter
vanilla,","
vanilla,pris
vanilla,arteme
vanilla,lighte
vanilla,thinkno
vanilla,hany
vanilla,exhien
vanilla,ple
vanilla,saderablant
vanilla,appre
vanilla,withend
vanilla,vabs
vanilla,lirep
vanilla,courina
vanilla,gacips
vanilla,cleass
vanilla,sufferid
vanilla,tonsping
vanilla,med
vanilla,wores
vanilla,sposummoreve
vanilla,dambeen
vanilla,abot
vanilla,frof
vanilla,ance
vanilla,''
vanilla,aguarges
vanilla,moich
vanilla,nich
vanilla,.
vanilla,'s
vanilla,crailiken
vanilla,.
vanilla,acent
vanilla,therect
vanilla,.
vanilla,fantestain
vanilla,lur
vanilla,monerflopeste
vanilla,thiche
vanilla,.
vanilla,suceng
vanilla,cationly
vanilla,.
vanilla,chis
vanilla,innivids
vanilla,fouggems
vanilla,durbitit
vanilla,sainconest
vanilla,.
vanilla,nobbars
vanilla,ther
vanilla,waread
vanilla,whorearcuse
vanilla,.
vanilla,.
vanilla,'s
vanilla,parectenmency
vanilla,ind
vanilla,byse
vanilla,featerseto
vanilla,stessacted
vanilla,caugs
vanilla,rele
vanilla,whostin
vanilla,pingetainintery
vanilla,hicinfusionot
vanilla,periontershourept
vanilla,inged
vanilla,camillighouravoloo
vanilla,samind
vanilla,shabod
vanilla,rell
vanilla,adren
vanilla,smated
vanilla,disless
vanilla,whire
vanilla,enting
vanilla,mands
vanilla,im
vanilla,uptip
vanilla,.
vanilla,woulove
vanilla,","
vanilla,couggland
vanilla,.
vanilla,fres
vanilla,thand
vanilla,","
vanilla,.
vanilla,ould
vanilla,migh
vanilla,","
vanilla,''
vanilla,rearre
vanilla,ous
vanilla,nown
vanilla,awas
vanilla,rome
vanilla,combrimed
vanilla,nom
vanilla,","
vanilla,hor
vanilla,ininglont
vanilla,","
vanilla,discogglip
vanilla,intaradeouland
vanilla,","
vanilla,lach
vanilla,moneseal
vanilla,muselloyin
vanilla,","
vanilla,crut
vanilla,eak
vanilla,feeks
vanilla,wery
vanilla,troseastake
vanilla,ouprovered
vanilla,opersert
vanilla,?
vanilla,'
vanilla,ine
vanilla,","
vanilla,ance
vanilla,insiond
vanilla,gorne
vanilla,uncer
vanilla,ditherstry
vanilla,","
vanilla,thignargrehe
vanilla,fainight
vanilla,uponst
vanilla,","
vanilla,mosquireweedien
vanilla,'
vanilla,cumad
vanilla,len
vanilla,ciew
vanilla,ineavoth
vanilla,thris
vanilla,elon
vanilla,thartim
vanilla,whow
vanilla,marthe
vanilla,whis
vanilla,sposent
vanilla,toget
vanilla,","
vanilla,whe
vanilla,.
vanilla,","
vanilla,und
vanilla,beger
vanilla,mearbes
vanilla,nothe
vanilla,sed
vanilla,swovey
vanilla,faccong
vanilla,gling
vanilla,scrato
vanilla,remattrien
vanilla,bodde
vanilla,","
vanilla,buter
vanilla,taidepich
vanilla,warrembary
vanilla,disly
vanilla,dies
vanilla,tham
vanilla,thust
vanilla,nin
vanilla,","
vanilla,ine
vanilla,ver
vanilla,","
vanilla,'
vanilla,sucke
vanilla,shadnigning
vanilla,hessingle
vanilla,whe
vanilla,pring
vanilla,stilse
vanilla,;
vanilla,expecteliff
vanilla,tud
vanilla,shoreves
vanilla,","
vanilla,stimentine
vanilla,atenst
vanilla,","
vanilla,ity
vanilla,","
vanilla,wards
vanilla,thers
vanilla,exhips
vanilla,fours
vanilla,ocks
vanilla,buit
vanilla,.
vanilla,thomphad
vanilla,gragreiver
vanilla,racensiderd
vanilla,pircurinuty
vanilla,bearseithe
vanilla,ve
vanilla,wilen
vanilla,hisgrost
vanilla,pas
vanilla,upow
vanilla,huremorm
vanilla,thery
vanilla,mabods
vanilla,thatenexpled
vanilla,ency
vanilla,whe
vanilla,beced
vanilla,frould
vanilla,theyoudings
vanilla,seld
vanilla,coozurs
vanilla,insup
vanilla,les
vanilla,orrit
vanilla,","
vanilla,","
vanilla,mucks
vanilla,","
vanilla,mosecrene
vanilla,que
vanilla,ong
vanilla,onefortan
vanilla,thestricheially
vanilla,","
vanilla,wents
vanilla,.
vanilla,hisercurs
vanilla,fland
vanilla,mins
vanilla,dy
vanilla,parlach
vanilla,nover
vanilla,reandken
vanilla,?
vanilla,destainnet
vanilla,pidern
vanilla,thery
vanilla,forringur
vanilla,.
vanilla,ther
vanilla,tininne
vanilla,iread
vanilla,thentown
vanilla,thre
vanilla,subtally
vanilla,","
vanilla,lignateretiontic
vanilla,","
vanilla,esibearight
vanilla,amessen
vanilla,bled
vanilla,shroperve
vanilla,jusiting
vanilla,","
vanilla,dord
vanilla,ifear
vanilla,trithe
vanilla,.
vanilla,thaveherecally
vanilla,","
vanilla,becelf
vanilla,sto
vanilla,pe
vanilla,rened
vanilla,thal
vanilla,ningred
vanilla,brom
vanilla,thancy
vanilla,frop
vanilla,.
vanilla,``
vanilla,``
vanilla,dard
vanilla,","
vanilla,dithemor
vanilla,","
vanilla,mented
vanilla,thend
vanilla,","
vanilla,handown
vanilla,?
vanilla,'s
vanilla,.
vanilla,oling
vanilla,thearster
vanilla,momazz
vanilla,","
vanilla,remockingess
vanilla,faing
vanilla,","
vanilla,feeme
vanilla,shumberther
vanilla,wory
vanilla,jought
vanilla,chers
vanilla,ould
vanilla,","
vanilla,antmor
vanilla,trouland
vanilla,weremeraves
vanilla,nalls
vanilla,ch
vanilla,;
vanilla,majeclut
vanilla,beizabriusly
vanilla,anditch
vanilla,bugh
vanilla,unexpearty
vanilla,thoperit
vanilla,offunt
vanilla,eur
vanilla,ths
vanilla,revic
vanilla,aus
vanilla,.
vanilla,fingester
vanilla,cife
vanilla,'d
vanilla,maincery
vanilla,agension
vanilla,sund
vanilla,famend
vanilla,groc
vanilla,muchouty
vanilla,puldeoureplas
vanilla,cont
vanilla,camed
vanilla,deadint
vanilla,worech
vanilla,gilload
vanilla,latte
vanilla,bew
vanilla,ony
vanilla,belige
vanilla,","
vanilla,atic
vanilla,.
vanilla,whousescifect
vanilla,ty
vanilla,.
vanilla,whimersesery
vanilla,.
vanilla,yout
vanilla,rounday
vanilla,whopear
vanilla,docireelay
vanilla,","
vanilla,iffecroones
vanilla,","
vanilla,appes
vanilla,readly
vanilla,souratigirly
vanilla,","
vanilla,coursphathe
vanilla,fropeas
vanilla,.
vanilla,therproughtfutuoureems
vanilla,viout
vanilla,exceep
vanilla,iny
vanilla,brold
vanilla,tilet
vanilla,docklir
vanilla,whis
vanilla,agueb
vanilla,ancerfrom
vanilla,sne
vanilla,.
vanilla,yehilmeak
vanilla,cron
vanilla,res
vanilla,oreget
vanilla,liquall
vanilla,aciessible
vanilla,des
vanilla,.
vanilla,bared
vanilla,aborneretark
vanilla,itte
vanilla,abid
vanilla,;
vanilla,ifeethe
vanilla,whou
vanilla,thatingtheyes
vanilla,tionts
vanilla,mans
vanilla,.
vanilla,gazzed
vanilla,thichave
vanilla,combeethe
vanilla,","
vanilla,isce
vanilla,wortioncy
vanilla,lidentereards
vanilla,ent
vanilla,betilled
vanilla,ithean
vanilla,","
vanilla,","
vanilla,.
vanilla,succe
vanilla,priew
vanilla,wou
vanilla,beend
vanilla,syme
vanilla,porrif
vanilla,univeret
vanilla,poin
vanilla,vinsur
vanilla,.
vanilla,inglibbiz
vanilla,","
vanilla,ven
vanilla,objecten
vanilla,suffind
vanilla,cout
vanilla,thess
vanilla,","
vanilla,andubjectived
vanilla,theng
vanilla,","
vanilla,whis
vanilla,whe
vanilla,emad
vanilla,gaimang
vanilla,theameadower
vanilla,yonatup
vanilla,holux
vanilla,noung
vanilla,pord
vanilla,oreave
vanilla,ack
vanilla,aneforrove
vanilla,","
vanilla,wasimay
vanilla,yeare
vanilla,fors
vanilla,","
vanilla,membe
vanilla,","
vanilla,ins
vanilla,louddis
vanilla,hadman
vanilla,hime
vanilla,ments
vanilla,.
vanilla,noth
vanilla,;
vanilla,","
vanilla,ning
vanilla,usidiumad
vanilla,thead
vanilla,almois
vanilla,","
vanilla,accurred
vanilla,querriess
vanilla,wittle
vanilla,thad
vanilla,dersentrelinge
vanilla,","
vanilla,;
vanilla,aneandent
vanilla,","
vanilla,kneamones
vanilla,ittimpok
vanilla,.
vanilla,``
vanilla,yousterstfor
vanilla,thateld
vanilla,ony
vanilla,","
vanilla,nothe
vanilla,aided
vanilla,","
vanilla,","
vanilla,dupoptur
vanilla,","
vanilla,.
vanilla,","
vanilla,","
vanilla,atioutedo
vanilla,expeateressudderappichavoin
vanilla,uple
vanilla,mase
vanilla,hicatione
vanilla,mom
vanilla,","
vanilla,rawly
vanilla,","
vanilla,comiand
vanilla,invisompad
vanilla,papeetance
vanilla,loult
vanilla,gruged
vanilla,","
vanilla,rem
vanilla,''
vanilla,printiourly
vanilla,calift
vanilla,wass
vanilla,wasmaked
vanilla,rome
vanilla,ithimeniond
vanilla,.
vanilla,cuty
vanilla,eragoome
vanilla,wercurn
vanilla,","
vanilla,maing
vanilla,argereen
vanilla,fromphe
vanilla,hation
vanilla,hiciews
vanilla,cul
vanilla,blaken
vanilla,.
vanilla,``
vanilla,.
vanilla,``
vanilla,","
vanilla,","
vanilla,fron
vanilla,ang
vanilla,butich
vanilla,entale
vanilla,migniard
vanilla,","
vanilla,ittem
vanilla,beit
vanilla,onis
vanilla,","
vanilla,anniumblet
vanilla,framandoutt
vanilla,thoed
vanilla,unknowanque
vanilla,le
vanilla,bently
vanilla,wity
vanilla,maguiretter
vanilla,","
vanilla,pubt
vanilla,.
vanilla,thatimerin
vanilla,","
vanilla,der
vanilla,puffinares
vanilla,goir
vanilla,bruffel
vanilla,","
vanilla,wor
vanilla,curinfulto
vanilla,preat
vanilla,vathe
vanilla,rept
vanilla,liginvits
vanilla,;
vanilla,inating
vanilla,theare
vanilla,lont
vanilla,","
vanilla,andentmargave
vanilla,twoung
vanilla,theranced
vanilla,thersenjoyagre
vanilla,theaknoureverver
vanilla,poic
vanilla,hein
vanilla,","
vanilla,dreeme
vanilla,grive
vanilla,.
vanilla,'
vanilla,cibled
vanilla,","
vanilla,thereaccame
vanilla,anot
vanilla,dy
vanilla,","
vanilla,ithed
vanilla,","
vanilla,``
vanilla,int
vanilla,","
vanilla,oupow
vanilla,'ome
vanilla,inkse
vanilla,worecandessat
vanilla,dria
vanilla,est
vanilla,thearm
vanilla,ats
vanilla,","
vanilla,theyoulthe
vanilla,hed
vanilla,buttent
vanilla,.
vanilla,","
vanilla,andeat
vanilla,reposse
vanilla,","
vanilla,","
vanilla,","
vanilla,ther
vanilla,;
vanilla,biligh
vanilla,ence
vanilla,imil
vanilla,rearrew
vanilla,ciout
vanilla,hiniatent
vanilla,sprelly
vanilla,strainablianded
vanilla,fuld
vanilla,himal
vanilla,.
vanilla,knothe
vanilla,hopecters
vanilla,","
vanilla,imits
vanilla,pas
vanilla,","
vanilla,indemake
vanilla,rin
vanilla,thostimps
vanilla,smages
vanilla,ther
vanilla,glefor
vanilla,","
vanilla,sained
vanilla,ouregile
vanilla,pelto
vanilla,","
vanilla,whoure
vanilla,dishot
vanilla,abough
vanilla,maing
vanilla,iterhatiolled
vanilla,suddect
vanilla,sto
vanilla,emad
vanilla,caughted
vanilla,ack
vanilla,yould
vanilla,;
vanilla,alatty
vanilla,","
vanilla,ablind
vanilla,murseells
vanilla,nobale
vanilla,ste
vanilla,cals
vanilla,lagazy
vanilla,voll
vanilla,","
vanilla,thers
vanilla,istles
vanilla,","
vanilla,pre
vanilla,wifty
vanilla,lovaused
vanilla,taines
vanilla,","
vanilla,appieve
vanilla,prom
vanilla,thathe
vanilla,amed
vanilla,pette
vanilla,quithe
vanilla,coverwour
vanilla,.
vanilla,thopea
vanilla,moutuch
vanilla,persers
vanilla,frets
vanilla,.
vanilla,astions
vanilla,ord
vanilla,haloness
vanilla,","
vanilla,poustre
vanilla,arigurb
vanilla,","
vanilla,mazzled
vanilla,magan
vanilla,curvasione
vanilla,doet
vanilla,diat
vanilla,;
vanilla,suffew
vanilla,thabey
vanilla,","
vanilla,''
vanilla,aftepost
vanilla,afte
vanilla,cle
vanilla,cithen
vanilla,oved
vanilla,","
vanilla,spandestakin
vanilla,muld
vanilla,drits
vanilla,ancir
vanilla,highatand
vanilla,nalin
vanilla,sposto
vanilla,redgerand
vanilla,","
vanilla,ancearmitchim
vanilla,","
vanilla,foraing
vanilla,mes
vanilla,","
vanilla,istern
vanilla,heard
vanilla,impnestake
vanilla,ande
vanilla,","
vanilla,hou
vanilla,apenvulask
vanilla,wor
vanilla,.
vanilla,mur
vanilla,","
vanilla,waked
vanilla,","
vanilla,afroot
vanilla,foultly
vanilla,","
vanilla,doesely
vanilla,le
vanilla,wers
vanilla,blifich
vanilla,ares
vanilla,joinficiabod
vanilla,.
vanilla,fornscoringly
vanilla,proveretir
vanilla,hilid
vanilla,gersolate
vanilla,.
vanilla,whipow
vanilla,extrest
vanilla,fait
vanilla,'ly
vanilla,prithencle
vanilla,","
vanilla,wases
vanilla,barly
vanilla,inger
vanilla,hatur
vanilla,;
vanilla,","
vanilla,","
vanilla,res
vanilla,ficapproresten
vanilla,","
vanilla,deartemito
vanilla,frien
vanilla,.
vanilla,''
vanilla,.
vanilla,brencor
vanilla,intow
vanilla,theake
vanilla,oing
vanilla,qual
vanilla,.
vanilla,comple
vanilla,hadegir
vanilla,roked
vanilla,","
vanilla,thein
vanilla,","
vanilla,whe
vanilla,hatatiost
vanilla,","
vanilla,haton
vanilla,''
vanilla,thed
vanilla,wil
vanilla,foon
vanilla,thery
vanilla,paue
vanilla,.
vanilla,'d
vanilla,rummought
vanilla,ther
vanilla,wastran
vanilla,houning
vanilla,appearot
vanilla,uput
vanilla,waskitte
vanilla,diddled
vanilla,yessels
vanilla,thisk
vanilla,ch
vanilla,athiddess
vanilla,wits
vanilla,frun
vanilla,uponewan
vanilla,trusuch
vanilla,theit
vanilla,co
vanilla,sheyed
vanilla,adis
vanilla,gences
vanilla,pers
vanilla,ationly
vanilla,thespenitenthe
vanilla,ivaing
vanilla,","
vanilla,wrogn
vanilla,mom
vanilla,frompecre
vanilla,butended
vanilla,nescow
vanilla,sus
vanilla,orknoistudge
vanilla,","
vanilla,.
vanilla,com
vanilla,whic
vanilla,som
vanilla,ang
vanilla,","
vanilla,weres
vanilla,notheraventicullead
vanilla,","
vanilla,terety
vanilla,","
vanilla,sicaugholace
vanilla,ther
vanilla,ande
vanilla,ble
vanilla,;
vanilla,risfaras
vanilla,.
vanilla,dreed
vanilla,lectin
vanilla,whadong
vanilla,slude
vanilla,rachad
vanilla,spinues
vanilla,ordis
vanilla,foreadver
vanilla,hisarinor
vanilla,ainge
vanilla,res
vanilla,spentake
vanilla,hemoreauthe
vanilla,consur
vanilla,fes
vanilla,.
vanilla,thester
vanilla,itin
vanilla,'glan
vanilla,ance
vanilla,tond
vanilla,","
vanilla,beft
vanilla,vello
vanilla,goond
vanilla,seng
vanilla,int
vanilla,nowfulted
vanilla,mys
vanilla,thouner
vanilla,foreent
vanilla,batim
vanilla,","
vanilla,aintionat
vanilla,","
vanilla,beaspily
vanilla,","
vanilla,","
vanilla,buthad
vanilla,","
vanilla,.
vanilla,'
vanilla,``
vanilla,youdeshelictib
vanilla,onever
vanilla,","
vanilla,whoned
vanilla,flou
vanilla,.
vanilla,ths
vanilla,thaded
vanilla,haduress
vanilla,.
vanilla,rold
vanilla,theing
vanilla,whe
vanilla,parder
vanilla,druldre
vanilla,sayesso
vanilla,beentrablebaceight
vanilla,frine
vanilla,derearme
vanilla,int
vanilla,wre
vanilla,dester
vanilla,anderve
vanilla,wased
vanilla,tes
vanilla,hed
vanilla,weires
vanilla,ot
vanilla,","
vanilla,eards
vanilla,oll
vanilla,","
vanilla,peridde
vanilla,thes
vanilla,ful
vanilla,ation
vanilla,evente
vanilla,mest
vanilla,drom
vanilla,shart
vanilla,ader
vanilla,thed
vanilla,mintlet
vanilla,len
vanilla,wought
vanilla,oatic
vanilla,ind
vanilla,crand
vanilla,paing
vanilla,ther
vanilla,:
vanilla,constrabbse
vanilla,.
vanilla,thous
vanilla,gaintibland
vanilla,uppecall
vanilla,ded
vanilla,","
vanilla,paps
vanilla,dideveriestow
vanilla,.
vanilla,``
vanilla,thed
vanilla,beeprifives
vanilla,;
vanilla,surece
vanilla,exper
vanilla,","
vanilla,aninvound
vanilla,","
vanilla,woulf
vanilla,artly
vanilla,bourstelifullovery
vanilla,guen
vanilla,reems
vanilla,serrevisaying
vanilla,lips
vanilla,fuld
vanilla,dinten
vanilla,makedin
vanilla,nottander
vanilla,'s
vanilla,thadinedged
vanilla,attelf
vanilla,der
vanilla,therminds
vanilla,","
vanilla,ind
vanilla,itermy
vanilla,yealeasicand
vanilla,unly
vanilla,hisheld
vanilla,hinto
vanilla,memblown
vanilla,bre
vanilla,wits
vanilla,somay
vanilla,thist
vanilla,woutioned
vanilla,degredick
vanilla,","
vanilla,soll
vanilla,maind
vanilla,obeen
vanilla,forthentabot
vanilla,","
vanilla,ollivernowe
vanilla,","
vanilla,ofing
vanilla,fearand
vanilla,wate
vanilla,thery
vanilla,","
vanilla,hads
vanilla,baymot
vanilla,","
vanilla,theiny
vanilla,lor
vanilla,pearightme
vanilla,onveripperch
vanilla,comeme
vanilla,","
vanilla,hencon
vanilla,","
vanilla,yelwas
vanilla,chistus
vanilla,","
vanilla,properrim
vanilla,whoged
vanilla,hout
vanilla,agunot
vanilla,.
vanilla,beetted
vanilla,seet
vanilla,thery
vanilla,sheme
vanilla,ch
vanilla,.
vanilla,hempery
vanilla,","
vanilla,forous
vanilla,inselegroremeneturn
vanilla,","
vanilla,ithand
vanilla,thounce
vanilla,dre
vanilla,.
vanilla,prompent
vanilla,agention
vanilla,sumstreetionswoung
vanilla,thatere
vanilla,","
vanilla,ardese
vanilla,reat
vanilla,fectakincellarithave
vanilla,vad
vanilla,harthelen
vanilla,antured
vanilla,pulonartmettedidd
vanilla,thertim
vanilla,uturbe
vanilla,med
vanilla,whicamought
vanilla,bil
vanilla,","
vanilla,yage
vanilla,bizardist
vanilla,thimme
vanilla,","
vanilla,thoods
vanilla,rods
vanilla,","
vanilla,:
vanilla,succanion
vanilla,plancepably
vanilla,spers
vanilla,","
vanilla,trayssuchom
vanilla,notime
vanilla,meme
vanilla,weentanobotiout
vanilla,.
vanilla,propention
vanilla,ve
vanilla,hatin
vanilla,yourappeld
vanilla,","
vanilla,alivereame
vanilla,zelve
vanilla,cein
vanilla,sudimestakilenta
vanilla,procced
vanilla,","
vanilla,notioun
vanilla,witast
vanilla,trand
vanilla,whisoon
vanilla,.
vanilla,hisir
vanilla,andy
vanilla,","
vanilla,coulderwas
vanilla,frong
vanilla,sout
vanilla,coustry
vanilla,seenjoy
vanilla,fach
vanilla,fichavennsiddelern
vanilla,witly
vanilla,.
vanilla,grem
vanilla,","
vanilla,ch
vanilla,oname
vanilla,unne
vanilla,dizon
vanilla,","
vanilla,cas
vanilla,fle
vanilla,thad
vanilla,","
vanilla,eved
vanilla,hispe
vanilla,meths
vanilla,.
vanilla,le
vanilla,","
vanilla,sions
vanilla,reartice
vanilla,","
vanilla,mispir
vanilla,int
vanilla,.
vanilla,andeso
vanilla,areple
vanilla,birestrich
vanilla,","
vanilla,ressid
vanilla,ther
vanilla,.
vanilla,pancest
vanilla,","
vanilla,siturs
vanilla,scruchfouldit
vanilla,'s
vanilla,brevin
vanilla,millast
vanilla,frep
vanilla,whad
vanilla,.
vanilla,lience
vanilla,thould
vanilla,estorest
vanilla,thed
vanilla,.
vanilla,mons
vanilla,haidwaybe
vanilla,.
vanilla,noom
vanilla,oforld
vanilla,","
vanilla,wity
vanilla,?
vanilla,ithe
vanilla,pectingrantele
vanilla,wassaysenean
vanilla,ginut
vanilla,alles
vanilla,","
vanilla,opently
vanilla,","
vanilla,tweiver
vanilla,.
vanilla,everwithe
vanilla,somy
vanilla,ims
vanilla,thaticeiva
vanilla,yould
vanilla,pontilin
vanilla,thad
vanilla,.
